{
  "root" : {
    "__class" : "RootNode",
    "children" : [
      {
        "__class" : "FrameNode",
        "aspectRatio" : null,
        "blendingEnabled" : 0,
        "blendingMode" : "normal",
        "blur" : 12,
        "blurEnabled" : 0,
        "blurType" : "layer",
        "borderBottom" : 1,
        "borderColor" : "#222",
        "borderEnabled" : 0,
        "borderLeft" : 1,
        "borderPerSide" : false,
        "borderRight" : 1,
        "borderStyle" : "solid",
        "borderTop" : 1,
        "borderWidth" : 1,
        "bottom" : null,
        "boxShadows" : [

        ],
        "brightness" : 100,
        "brightnessEnabled" : 0,
        "centerAnchorX" : 0,
        "centerAnchorY" : 0,
        "children" : [
          {
            "__class" : "FrameNode",
            "aspectRatio" : null,
            "blendingEnabled" : 0,
            "blendingMode" : "normal",
            "blur" : 12,
            "blurEnabled" : 0,
            "blurType" : "layer",
            "borderBottom" : 1,
            "borderColor" : "#222",
            "borderEnabled" : 0,
            "borderLeft" : 1,
            "borderPerSide" : false,
            "borderRight" : 1,
            "borderStyle" : "solid",
            "borderTop" : 1,
            "borderWidth" : 1,
            "bottom" : 0,
            "boxShadows" : [

            ],
            "brightness" : 100,
            "brightnessEnabled" : 0,
            "centerAnchorX" : 0.5,
            "centerAnchorY" : 0.5,
            "children" : [
              {
                "__class" : "SVGNode",
                "aspectRatio" : 4.8818181818181818,
                "blendingEnabled" : 0,
                "blendingMode" : "normal",
                "blur" : 12,
                "blurEnabled" : 0,
                "blurType" : "layer",
                "bottom" : null,
                "brightness" : 100,
                "brightnessEnabled" : 0,
                "centerAnchorX" : 0.17604166666666668,
                "centerAnchorY" : 0.056666666666666664,
                "children" : [

                ],
                "colorable" : false,
                "constraintsLocked" : false,
                "contrast" : 100,
                "contrastEnabled" : 0,
                "exportOptions" : [

                ],
                "fillGradient" : {
                  "__class" : "LinearGradient",
                  "alpha" : 1,
                  "angle" : 0,
                  "end" : "rgba(0,0,0,0)",
                  "start" : "black"
                },
                "fillImage" : null,
                "fillImagePixelHeight" : null,
                "fillImagePixelWidth" : null,
                "fillImageResize" : "fill",
                "fillType" : "color",
                "grayscale" : 0,
                "grayScaleEnabled" : 0,
                "height" : 44,
                "heightType" : 0,
                "hueRotate" : 0,
                "hueRotateEnabled" : 0,
                "id" : "NG0ar0Ifq",
                "intrinsicHeight" : 44,
                "intrinsicWidth" : 214.80000000000001,
                "invert" : 0,
                "invertEnabled" : 0,
                "left" : 146,
                "locked" : false,
                "name" : null,
                "opacity" : 1,
                "originalFilename" : "",
                "originalid" : null,
                "parentid" : "Xop5OMsyI",
                "right" : null,
                "rotation" : 0,
                "saturate" : 100,
                "saturateEnabled" : 0,
                "sepia" : 0,
                "sepiaEnabled" : 0,
                "shadows" : [

                ],
                "svg" : "<?xml version=\"1.0\"?><svg xmlns=\"http:\/\/www.w3.org\/2000\/svg\" xmlns:xlink=\"http:\/\/www.w3.org\/1999\/xlink\" width=\"214.8\" height=\"44\"><style>.st1{clip-path:url(#SVGID_4_)}<\/style><defs><path id=\"SVGID_1_\" d=\"M0 1.7h69.3v41.6H0z\"><\/path><\/defs><clipPath id=\"SVGID_2_\"><use xlink:href=\"#SVGID_1_\" overflow=\"visible\"><\/use><\/clipPath><g clip-path=\"url(#SVGID_2_)\"><defs><path id=\"SVGID_3_\" d=\"M6 0h58v41H6z\"><\/path><\/defs><clipPath id=\"SVGID_4_\"><use xlink:href=\"#SVGID_3_\" overflow=\"visible\"><\/use><\/clipPath><g class=\"st1\"><defs><path id=\"SVGID_5_\" d=\"M10.6 35.8c-1.4 1.3-3.7 0-3.3-1.9C10.2 20.3 13.5-.4 31.4 7.7c3.7 1.7 7.4 3.3 11.1 5 9.3 4.2 11.4 1.2 17.1-3.6 1.5-1.3 3.8.2 3.2 2.1-2.1 6.5-3.2 10.5-6.4 19.3-1.2 3.2-4.5 7.3-8.1 8.2-5.3 1.3-12.2-4.2-16.7-6.6-9.3-4.7-14.4-2.2-21 3.7\"><\/path><\/defs><clipPath id=\"SVGID_6_\"><use xlink:href=\"#SVGID_5_\" overflow=\"visible\"><\/use><\/clipPath><g clip-path=\"url(#SVGID_6_)\"><defs><path id=\"SVGID_7_\" d=\"M7 5h63v34H7z\"><\/path><\/defs><clipPath id=\"SVGID_8_\"><use xlink:href=\"#SVGID_7_\" overflow=\"visible\"><\/use><\/clipPath><path clip-path=\"url(#SVGID_8_)\" fill=\"#f69420\" d=\"M2.2.9h65.7V44H2.2z\"><\/path><\/g><\/g><g class=\"st1\"><defs><path id=\"SVGID_9_\" d=\"M55.5 12.8c-3.9 3.4-6.2 3.1-13.8-.3L31.2 7.7C16.3.9 11.2 15.6 8.5 28.1c5.8-5.6 10.7-9.3 19.4-5 4.2 2.1 13 7.2 18 5.9 3.4-.9 3.5-3.2 5.1-6 2.5-5.7 2.8-6.4 4.5-10.2z\"><\/path><\/defs><clipPath id=\"SVGID_10_\"><use xlink:href=\"#SVGID_9_\" overflow=\"visible\"><\/use><\/clipPath><g clip-path=\"url(#SVGID_10_)\"><defs><path id=\"SVGID_11_\" d=\"M7 5h63v34H7z\"><\/path><\/defs><clipPath id=\"SVGID_12_\"><use xlink:href=\"#SVGID_11_\" overflow=\"visible\"><\/use><\/clipPath><path opacity=\".1\" clip-path=\"url(#SVGID_12_)\" fill=\"#fff\" d=\"M3.5 1h57v33.2h-57z\"><\/path><\/g><\/g><\/g><defs><path id=\"SVGID_13_\" d=\"M81 9.8h22v25.9H81z\"><\/path><\/defs><clipPath id=\"SVGID_14_\"><use xlink:href=\"#SVGID_13_\" overflow=\"visible\"><\/use><\/clipPath><g clip-path=\"url(#SVGID_14_)\"><defs><path id=\"SVGID_15_\" d=\"M81 9h22v27H81z\"><\/path><\/defs><clipPath id=\"SVGID_16_\"><use xlink:href=\"#SVGID_15_\" overflow=\"visible\"><\/use><\/clipPath><g clip-path=\"url(#SVGID_16_)\"><defs><path id=\"SVGID_17_\" d=\"M81.5 35.2c-.3-.3-.5-.7-.5-1.2V12.2c0-.7.2-1.2.7-1.7.5-.5 1-.7 1.7-.7h.5c.8 0 1.4.4 2 1.1l13.9 20.3V11.5c0-.5.2-.9.5-1.2.3-.3.7-.5 1.2-.5s.8.2 1.2.5c.3.3.5.7.5 1.2v21.8c0 .7-.2 1.2-.7 1.7-.5.5-1 .7-1.7.7h-.4c-.4 0-.7-.1-1.1-.3-.3-.2-.6-.4-.8-.7l-14-20.4v19.8c0 .5-.2.9-.5 1.2-.3.3-.7.5-1.2.5s-1-.3-1.3-.6\"><\/path><\/defs><clipPath id=\"SVGID_18_\"><use xlink:href=\"#SVGID_17_\" overflow=\"visible\"><\/use><\/clipPath><g clip-path=\"url(#SVGID_18_)\"><defs><path id=\"SVGID_19_\" d=\"M81 9h22v27H81z\"><\/path><\/defs><clipPath id=\"SVGID_20_\"><use xlink:href=\"#SVGID_19_\" overflow=\"visible\"><\/use><\/clipPath><path clip-path=\"url(#SVGID_20_)\" fill=\"#14153f\" d=\"M76 4.8h32v35.9H76z\"><\/path><\/g><\/g><\/g><defs><path id=\"SVGID_21_\" d=\"M109.9 16.5h18.5v19.4h-18.5z\"><\/path><\/defs><clipPath id=\"SVGID_22_\"><use xlink:href=\"#SVGID_21_\" overflow=\"visible\"><\/use><\/clipPath><g clip-path=\"url(#SVGID_22_)\"><defs><path id=\"SVGID_23_\" d=\"M109 16h20v20h-20z\"><\/path><\/defs><clipPath id=\"SVGID_24_\"><use xlink:href=\"#SVGID_23_\" overflow=\"visible\"><\/use><\/clipPath><g clip-path=\"url(#SVGID_24_)\"><defs><path id=\"SVGID_25_\" d=\"M114.3 34.7c-1.4-.8-2.5-1.9-3.2-3.4-.8-1.5-1.1-3.2-1.1-5.1 0-1.9.4-3.6 1.1-5.1.8-1.5 1.8-2.6 3.2-3.4 1.4-.8 3-1.2 4.9-1.2 1.8 0 3.4.4 4.8 1.2 1.4.8 2.5 1.9 3.2 3.4.8 1.5 1.2 3.2 1.2 5.1 0 1.9-.4 3.6-1.2 5.1-.8 1.5-1.9 2.6-3.2 3.4-1.4.8-3 1.2-4.8 1.2-1.9 0-3.5-.4-4.9-1.2m7.7-2.5c.9-.5 1.6-1.2 2.2-2.2.6-1 .9-2.3.9-3.8s-.3-2.8-.9-3.8c-.6-1-1.3-1.7-2.2-2.2-.9-.5-1.8-.7-2.8-.7-1 0-2 .2-2.9.7-.9.5-1.6 1.2-2.2 2.2-.6 1-.9 2.3-.9 3.8s.3 2.8.9 3.8c.6 1 1.3 1.7 2.2 2.2.9.5 1.9.7 2.9.7.9-.1 1.9-.3 2.8-.7\"><\/path><\/defs><clipPath id=\"SVGID_26_\"><use xlink:href=\"#SVGID_25_\" overflow=\"visible\"><\/use><\/clipPath><g clip-path=\"url(#SVGID_26_)\"><defs><path id=\"SVGID_27_\" d=\"M109 16h20v20h-20z\"><\/path><\/defs><clipPath id=\"SVGID_28_\"><use xlink:href=\"#SVGID_27_\" overflow=\"visible\"><\/use><\/clipPath><path clip-path=\"url(#SVGID_28_)\" fill=\"#14153f\" d=\"M104.9 11.5h28.5v29.4h-28.5z\"><\/path><\/g><\/g><\/g><defs><path id=\"SVGID_29_\" d=\"M138 34.9c-1-.6-1.7-1.5-2.2-2.6-.5-1.1-.8-2.3-.8-3.6V18.3c0-.5.2-.9.5-1.2.3-.3.7-.5 1.2-.5s.8.2 1.2.5c.3.3.5.7.5 1.2v10c0 3 1.3 4.5 4 4.5 1.2 0 2.3-.3 3.2-1 1-.6 1.8-1.5 2.7-2.6v-11c0-.5.2-.9.5-1.2.3-.3.7-.5 1.2-.5s.8.2 1.2.5c.3.3.5.7.5 1.2V34c0 .5-.2.9-.5 1.2-.3.3-.7.5-1.2.5s-.8-.2-1.2-.5c-.3-.3-.5-.7-.5-1.2v-1.5c-.9 1-1.9 1.8-3 2.4-1.1.6-2.3.9-3.8.9-1.4.1-2.6-.2-3.5-.9\"><\/path><\/defs><clipPath id=\"SVGID_30_\"><use xlink:href=\"#SVGID_29_\" overflow=\"visible\"><\/use><\/clipPath><path clip-path=\"url(#SVGID_30_)\" fill=\"#14153f\" d=\"M129.9 11.7h26.5v29.2h-26.5z\"><\/path><defs><path id=\"SVGID_31_\" d=\"M164.2 34.2c-1.9-1.1-3.4-2.7-4.5-4.6-1.1-2-1.6-4.2-1.6-6.8 0-2.6.6-4.9 1.7-6.9s2.6-3.5 4.5-4.6c1.9-1.1 4-1.6 6.4-1.6 1.9 0 3.5.2 4.9.7 1.4.5 2.8 1.1 4.1 1.9.2.1.4.3.5.5.1.2.2.5.2.8 0 .4-.1.8-.4 1.1-.3.3-.6.4-1.1.4-.3 0-.5-.1-.8-.2-1.1-.7-2.3-1.2-3.4-1.5-1.1-.3-2.4-.5-3.7-.5-1.8 0-3.5.4-4.9 1.2-1.5.8-2.6 1.9-3.4 3.4-.8 1.5-1.2 3.3-1.2 5.4 0 1.9.4 3.6 1.2 5.1.8 1.5 1.9 2.7 3.4 3.5 1.5.9 3.2 1.3 5.3 1.3 2.3 0 4.4-.5 6.3-1.6v-6.6h-6c-.4 0-.8-.1-1-.4-.3-.3-.4-.6-.4-1.1 0-.4.1-.8.4-1.1.3-.3.6-.4 1-.4h7.1c.5 0 .9.2 1.2.5.3.3.5.8.5 1.2v8.3c0 .5-.1 1-.4 1.4-.3.4-.6.7-1 .9-2.7 1.4-5.5 2-8.3 2-2.5 0-4.7-.6-6.6-1.7\"><\/path><\/defs><clipPath id=\"SVGID_32_\"><use xlink:href=\"#SVGID_31_\" overflow=\"visible\"><\/use><\/clipPath><path clip-path=\"url(#SVGID_32_)\" fill=\"#14153f\" d=\"M153.1 4.7h32.3v36.2h-32.3z\"><\/path><defs><path id=\"SVGID_33_\" d=\"M188.7 12.5c-.4-.4-.5-.8-.5-1.3v-.1c0-.5.2-.9.5-1.3.4-.4.8-.5 1.3-.5h.2c.5 0 .9.2 1.3.5.4.4.5.8.5 1.3v.1c0 .5-.2.9-.5 1.3-.4.4-.8.5-1.3.5h-.2c-.5.1-.9-.1-1.3-.5m.2 22.7c-.3-.3-.5-.7-.5-1.2V18.4c0-.5.2-.9.5-1.2.3-.3.7-.5 1.2-.5s.9.2 1.2.5c.3.3.5.7.5 1.2v15.7c0 .5-.2.9-.5 1.2-.3.3-.7.5-1.2.5s-.9-.3-1.2-.6\"><\/path><\/defs><clipPath id=\"SVGID_34_\"><use xlink:href=\"#SVGID_33_\" overflow=\"visible\"><\/use><\/clipPath><path clip-path=\"url(#SVGID_34_)\" fill=\"#14153f\" d=\"M183.2 4.2h13.9v36.5h-13.9z\"><\/path><defs><path id=\"SVGID_35_\" d=\"M197.5 13.2h12.3v22.6h-12.3z\"><\/path><\/defs><clipPath id=\"SVGID_36_\"><use xlink:href=\"#SVGID_35_\" overflow=\"visible\"><\/use><\/clipPath><g clip-path=\"url(#SVGID_36_)\"><defs><path id=\"SVGID_37_\" d=\"M197 13h13v23h-13z\"><\/path><\/defs><clipPath id=\"SVGID_38_\"><use xlink:href=\"#SVGID_37_\" overflow=\"visible\"><\/use><\/clipPath><g clip-path=\"url(#SVGID_38_)\"><defs><path id=\"SVGID_39_\" d=\"M200.7 31.1V19.7h-2.6c-.2 0-.4-.1-.5-.2-.1-.1-.2-.3-.2-.5s.1-.4.3-.6l4.9-4.9c.2-.2.4-.3.6-.3s.4.1.5.2c.1.1.2.3.2.5v2.9h4.1c.4 0 .7.1 1 .4.3.3.4.6.4 1s-.1.7-.4 1c-.3.3-.6.4-1 .4h-4v11c0 .9.2 1.6.7 1.8.4.3 1 .4 1.7.4.5 0 1-.1 1.4-.2.1 0 .2 0 .3-.1h.4c.3 0 .6.1.9.4.3.3.4.6.4.9 0 .6-.3 1-.8 1.3-.9.4-1.9.7-3 .7-3.5.1-5.3-1.5-5.3-4.7\"><\/path><\/defs><clipPath id=\"SVGID_40_\"><use xlink:href=\"#SVGID_39_\" overflow=\"visible\"><\/use><\/clipPath><g clip-path=\"url(#SVGID_40_)\"><defs><path id=\"SVGID_41_\" d=\"M197 13h13v23h-13z\"><\/path><\/defs><clipPath id=\"SVGID_42_\"><use xlink:href=\"#SVGID_41_\" overflow=\"visible\"><\/use><\/clipPath><path clip-path=\"url(#SVGID_42_)\" fill=\"#14153f\" d=\"M192.5 8.2h22.4v32.6h-22.4z\"><\/path><\/g><\/g><\/g><\/svg>",
                "top" : 29,
                "visible" : true,
                "width" : 215,
                "widthType" : 0
              },
              {
                "__class" : "TextNode",
                "autoSize" : true,
                "blur" : 12,
                "blurEnabled" : 0,
                "blurType" : "layer",
                "bottom" : null,
                "brightness" : 100,
                "brightnessEnabled" : 0,
                "centerAnchorX" : 0.859375,
                "centerAnchorY" : 0.03550469483568075,
                "codeOverrideEnabled" : false,
                "constraintsLocked" : false,
                "contrast" : 100,
                "contrastEnabled" : 0,
                "exportOptions" : [

                ],
                "grayscale" : 0,
                "grayScaleEnabled" : 0,
                "height" : 19,
                "heightType" : 0,
                "hueRotate" : 0,
                "hueRotateEnabled" : 0,
                "id" : "WDwzhKkUd",
                "invert" : 0,
                "invertEnabled" : 0,
                "isTarget" : false,
                "left" : null,
                "locked" : false,
                "name" : null,
                "opacity" : 1,
                "originalid" : null,
                "parentid" : "Xop5OMsyI",
                "right" : 87,
                "rotation" : 0,
                "saturate" : 100,
                "saturateEnabled" : 0,
                "sepia" : 0,
                "sepiaEnabled" : 0,
                "shadows" : [

                ],
                "styledText" : {
                  "__class" : "StyledTextDraft",
                  "blocks" : [
                    {
                      "data" : {
                        "emptyStyle" : [
                          "SIZE:16",
                          "LETTERSPACING:0",
                          "LINEHEIGHT:1.2",
                          "FONT:Montserrat-Regular",
                          "ALIGN:right",
                          "COLOR:#A1AEB7"
                        ]
                      },
                      "depth" : 0,
                      "entityRanges" : [

                      ],
                      "inlineStyleRanges" : [
                        {
                          "length" : 30,
                          "offset" : 0,
                          "style" : "SIZE:16"
                        },
                        {
                          "length" : 30,
                          "offset" : 0,
                          "style" : "LETTERSPACING:0"
                        },
                        {
                          "length" : 30,
                          "offset" : 0,
                          "style" : "LINEHEIGHT:1.2"
                        },
                        {
                          "length" : 30,
                          "offset" : 0,
                          "style" : "FONT:Montserrat-Regular"
                        },
                        {
                          "length" : 30,
                          "offset" : 0,
                          "style" : "ALIGN:right"
                        },
                        {
                          "length" : 30,
                          "offset" : 0,
                          "style" : "COLOR:#A1AEB7"
                        }
                      ],
                      "key" : "39k6",
                      "text" : "Log in   |  Create New Project",
                      "type" : "unstyled"
                    }
                  ],
                  "cached" : {
                    "html" : "<div class='DraftEditor-alignRight'><div data-offset-key=\"39k6-0-0\" class=\"public-DraftStyleDefault-block public-DraftStyleDefault-ltr\"><span data-offset-key=\"39k6-0-0\" style=\"tab-size:4;font-weight:400;font-family:&quot;Montserrat-Regular&quot;, &quot;Montserrat&quot;, serif;-webkit-text-fill-color:#A1AEB7;font-size:16px;letter-spacing:0px;line-height:1.2\"><span data-text=\"true\">Log in   |  Create New Project<\/span><\/span><\/div><\/div>",
                    "os" : "10_13",
                    "size" : {
                      "height" : 19,
                      "width" : 231
                    },
                    "width" : 0
                  },
                  "entityMap" : {

                  }
                },
                "top" : 51,
                "visible" : true,
                "width" : 231,
                "widthType" : 0,
                "x" : 985,
                "y" : 43
              }
            ],
            "clip" : false,
            "codeOverrideEnabled" : false,
            "constraintsLocked" : false,
            "contrast" : 100,
            "contrastEnabled" : 0,
            "deviceType" : null,
            "exportOptions" : [

            ],
            "fillColor" : "rgba(0, 153, 255, 0)",
            "fillEnabled" : true,
            "fillGradient" : {
              "__class" : "LinearGradient",
              "alpha" : 1,
              "angle" : 0,
              "end" : "rgba(0,0,0,0)",
              "start" : "black"
            },
            "fillImage" : null,
            "fillImagePixelHeight" : null,
            "fillImagePixelWidth" : null,
            "fillImageResize" : "fill",
            "fillType" : "color",
            "grayscale" : 0,
            "grayScaleEnabled" : 0,
            "height" : 900,
            "heightType" : 0,
            "hueRotate" : 0,
            "hueRotateEnabled" : 0,
            "id" : "Xop5OMsyI",
            "intrinsicHeight" : null,
            "intrinsicWidth" : null,
            "invert" : 0,
            "invertEnabled" : 0,
            "isExternalMaster" : null,
            "isMaster" : false,
            "isTarget" : false,
            "left" : 0,
            "locked" : false,
            "name" : null,
            "navigationTarget" : null,
            "navigationTransition" : "push",
            "navigationTransitionBackdropColor" : "rgba(4,4,15,.4)",
            "navigationTransitionDirection" : "left",
            "opacity" : 1,
            "originalid" : null,
            "parentid" : "Y_VzzHzLI",
            "previewSettings" : null,
            "radius" : 0,
            "radiusBottomLeft" : 0,
            "radiusBottomRight" : 0,
            "radiusIsRelative" : false,
            "radiusPerCorner" : false,
            "radiusTopLeft" : 0,
            "radiusTopRight" : 0,
            "replicaInfo" : null,
            "right" : 0,
            "rotation" : 0,
            "saturate" : 100,
            "saturateEnabled" : 0,
            "sepia" : 0,
            "sepiaEnabled" : 0,
            "top" : 0,
            "visible" : true,
            "width" : 1440,
            "widthType" : 0
          }
        ],
        "clip" : true,
        "codeOverrideEnabled" : false,
        "constraintsLocked" : false,
        "contrast" : 100,
        "contrastEnabled" : 0,
        "deviceType" : null,
        "exportOptions" : [

        ],
        "fillColor" : "rgba(255,255,255,1)",
        "fillEnabled" : true,
        "fillGradient" : {
          "__class" : "LinearGradient",
          "alpha" : 1,
          "angle" : 0,
          "end" : "rgba(0,0,0,0)",
          "start" : "black"
        },
        "fillImage" : null,
        "fillImagePixelHeight" : null,
        "fillImagePixelWidth" : null,
        "fillImageResize" : "fill",
        "fillType" : "color",
        "grayscale" : 0,
        "grayScaleEnabled" : 0,
        "height" : 1704,
        "heightType" : 0,
        "hueRotate" : 0,
        "hueRotateEnabled" : 0,
        "id" : "Y_VzzHzLI",
        "intrinsicHeight" : null,
        "intrinsicWidth" : null,
        "invert" : 0,
        "invertEnabled" : 0,
        "isExternalMaster" : null,
        "isMaster" : false,
        "isTarget" : false,
        "left" : 0,
        "locked" : false,
        "name" : "Home",
        "navigationTarget" : null,
        "navigationTransition" : "push",
        "navigationTransitionBackdropColor" : "rgba(4,4,15,.4)",
        "navigationTransitionDirection" : "left",
        "opacity" : 1,
        "originalid" : null,
        "parentid" : "f2RndS96p",
        "previewSettings" : null,
        "radius" : 0,
        "radiusBottomLeft" : 0,
        "radiusBottomRight" : 0,
        "radiusIsRelative" : false,
        "radiusPerCorner" : false,
        "radiusTopLeft" : 0,
        "radiusTopRight" : 0,
        "replicaInfo" : null,
        "right" : null,
        "rotation" : 0,
        "saturate" : 100,
        "saturateEnabled" : 0,
        "sepia" : 0,
        "sepiaEnabled" : 0,
        "top" : 0,
        "visible" : true,
        "width" : 1440,
        "widthType" : 0
      }
    ],
    "id" : "f2RndS96p",
    "name" : null,
    "originalid" : null,
    "parentid" : null,
    "visible" : false
  },
  "version" : 47
}