{
  "root" : {
    "__class" : "RootNode",
    "children" : [
      {
        "__class" : "FrameNode",
        "aspectRatio" : null,
        "blendingEnabled" : 0,
        "blendingMode" : "normal",
        "blur" : 12,
        "blurEnabled" : 0,
        "blurType" : "layer",
        "borderBottom" : 1,
        "borderColor" : "#222",
        "borderEnabled" : 0,
        "borderLeft" : 1,
        "borderPerSide" : false,
        "borderRight" : 1,
        "borderStyle" : "solid",
        "borderTop" : 1,
        "borderWidth" : 1,
        "bottom" : null,
        "boxShadows" : [

        ],
        "brightness" : 100,
        "brightnessEnabled" : 0,
        "centerAnchorX" : 0,
        "centerAnchorY" : 0,
        "children" : [
          {
            "__class" : "FrameNode",
            "aspectRatio" : null,
            "blendingEnabled" : 0,
            "blendingMode" : "normal",
            "blur" : 12,
            "blurEnabled" : 0,
            "blurType" : "layer",
            "borderBottom" : 1,
            "borderColor" : "#222",
            "borderEnabled" : 0,
            "borderLeft" : 1,
            "borderPerSide" : false,
            "borderRight" : 1,
            "borderStyle" : "solid",
            "borderTop" : 1,
            "borderWidth" : 1,
            "bottom" : 0,
            "boxShadows" : [

            ],
            "brightness" : 100,
            "brightnessEnabled" : 0,
            "centerAnchorX" : 0.5,
            "centerAnchorY" : 0.5,
            "children" : [
              {
                "__class" : "FrameNode",
                "aspectRatio" : 5.9705882352941178,
                "blendingEnabled" : 0,
                "blendingMode" : "normal",
                "blur" : 12,
                "blurEnabled" : 0,
                "blurType" : "layer",
                "borderBottom" : 1,
                "borderColor" : "#222",
                "borderEnabled" : 0,
                "borderLeft" : 1,
                "borderPerSide" : false,
                "borderRight" : 1,
                "borderStyle" : "solid",
                "borderTop" : 1,
                "borderWidth" : 1,
                "bottom" : null,
                "boxShadows" : [

                ],
                "brightness" : 100,
                "brightnessEnabled" : 0,
                "centerAnchorX" : 0.16527777777777777,
                "centerAnchorY" : 0.085555555555555551,
                "children" : [

                ],
                "clip" : false,
                "codeOverrideEnabled" : false,
                "constraintsLocked" : false,
                "contrast" : 100,
                "contrastEnabled" : 0,
                "deviceType" : null,
                "exportOptions" : [

                ],
                "fillColor" : "rgba(255,255,255,1)",
                "fillEnabled" : true,
                "fillGradient" : {
                  "__class" : "LinearGradient",
                  "alpha" : 1,
                  "angle" : 0,
                  "end" : "rgba(0,0,0,0)",
                  "start" : "black"
                },
                "fillImage" : "6V3geoOptU2lVz9YfYUysaVsD8.png",
                "fillImagePixelHeight" : 34,
                "fillImagePixelWidth" : 203,
                "fillImageResize" : "fill",
                "fillType" : "image",
                "grayscale" : 0,
                "grayScaleEnabled" : 0,
                "height" : 26,
                "heightType" : 0,
                "hueRotate" : 0,
                "hueRotateEnabled" : 0,
                "id" : "RNnQku24h",
                "intrinsicHeight" : 17,
                "intrinsicWidth" : 101.5,
                "invert" : 0,
                "invertEnabled" : 0,
                "isExternalMaster" : null,
                "isMaster" : false,
                "isTarget" : false,
                "left" : 160,
                "locked" : false,
                "name" : null,
                "navigationTarget" : null,
                "navigationTransition" : "push",
                "navigationTransitionBackdropColor" : "rgba(4,4,15,.4)",
                "navigationTransitionDirection" : "left",
                "opacity" : 1,
                "originalFilename" : "",
                "originalid" : null,
                "parentid" : "Xop5OMsyI",
                "previewSettings" : null,
                "radius" : 0,
                "radiusBottomLeft" : 0,
                "radiusBottomRight" : 0,
                "radiusIsRelative" : false,
                "radiusPerCorner" : false,
                "radiusTopLeft" : 0,
                "radiusTopRight" : 0,
                "replicaInfo" : null,
                "right" : null,
                "rotation" : 0,
                "saturate" : 100,
                "saturateEnabled" : 0,
                "sepia" : 0,
                "sepiaEnabled" : 0,
                "top" : 64,
                "visible" : true,
                "width" : 156,
                "widthType" : 0
              }
            ],
            "clip" : false,
            "codeOverrideEnabled" : false,
            "constraintsLocked" : false,
            "contrast" : 100,
            "contrastEnabled" : 0,
            "deviceType" : null,
            "exportOptions" : [

            ],
            "fillColor" : "rgba(0, 153, 255, 0)",
            "fillEnabled" : true,
            "fillGradient" : {
              "__class" : "LinearGradient",
              "alpha" : 1,
              "angle" : 0,
              "end" : "rgba(0,0,0,0)",
              "start" : "black"
            },
            "fillImage" : null,
            "fillImagePixelHeight" : null,
            "fillImagePixelWidth" : null,
            "fillImageResize" : "fill",
            "fillType" : "color",
            "grayscale" : 0,
            "grayScaleEnabled" : 0,
            "height" : 900,
            "heightType" : 0,
            "hueRotate" : 0,
            "hueRotateEnabled" : 0,
            "id" : "Xop5OMsyI",
            "intrinsicHeight" : null,
            "intrinsicWidth" : null,
            "invert" : 0,
            "invertEnabled" : 0,
            "isExternalMaster" : null,
            "isMaster" : false,
            "isTarget" : false,
            "left" : 0,
            "locked" : false,
            "name" : null,
            "navigationTarget" : null,
            "navigationTransition" : "push",
            "navigationTransitionBackdropColor" : "rgba(4,4,15,.4)",
            "navigationTransitionDirection" : "left",
            "opacity" : 1,
            "originalid" : null,
            "parentid" : "Y_VzzHzLI",
            "previewSettings" : null,
            "radius" : 0,
            "radiusBottomLeft" : 0,
            "radiusBottomRight" : 0,
            "radiusIsRelative" : false,
            "radiusPerCorner" : false,
            "radiusTopLeft" : 0,
            "radiusTopRight" : 0,
            "replicaInfo" : null,
            "right" : 0,
            "rotation" : 0,
            "saturate" : 100,
            "saturateEnabled" : 0,
            "sepia" : 0,
            "sepiaEnabled" : 0,
            "top" : 0,
            "visible" : true,
            "width" : 1440,
            "widthType" : 0
          }
        ],
        "clip" : true,
        "codeOverrideEnabled" : false,
        "constraintsLocked" : false,
        "contrast" : 100,
        "contrastEnabled" : 0,
        "deviceType" : "framer\/FramerAppleMacBookPro",
        "exportOptions" : [

        ],
        "fillColor" : "rgba(255,255,255,1)",
        "fillEnabled" : true,
        "fillGradient" : {
          "__class" : "LinearGradient",
          "alpha" : 1,
          "angle" : 0,
          "end" : "rgba(0,0,0,0)",
          "start" : "black"
        },
        "fillImage" : null,
        "fillImagePixelHeight" : null,
        "fillImagePixelWidth" : null,
        "fillImageResize" : "fill",
        "fillType" : "color",
        "grayscale" : 0,
        "grayScaleEnabled" : 0,
        "height" : 900,
        "heightType" : 0,
        "hueRotate" : 0,
        "hueRotateEnabled" : 0,
        "id" : "Y_VzzHzLI",
        "intrinsicHeight" : null,
        "intrinsicWidth" : null,
        "invert" : 0,
        "invertEnabled" : 0,
        "isExternalMaster" : null,
        "isMaster" : false,
        "isTarget" : false,
        "left" : 0,
        "locked" : false,
        "name" : "Home",
        "navigationTarget" : null,
        "navigationTransition" : "push",
        "navigationTransitionBackdropColor" : "rgba(4,4,15,.4)",
        "navigationTransitionDirection" : "left",
        "opacity" : 1,
        "originalid" : null,
        "parentid" : "f2RndS96p",
        "previewSettings" : null,
        "radius" : 0,
        "radiusBottomLeft" : 0,
        "radiusBottomRight" : 0,
        "radiusIsRelative" : false,
        "radiusPerCorner" : false,
        "radiusTopLeft" : 0,
        "radiusTopRight" : 0,
        "replicaInfo" : null,
        "right" : null,
        "rotation" : 0,
        "saturate" : 100,
        "saturateEnabled" : 0,
        "sepia" : 0,
        "sepiaEnabled" : 0,
        "top" : 0,
        "visible" : true,
        "width" : 1440,
        "widthType" : 0
      }
    ],
    "id" : "f2RndS96p",
    "name" : null,
    "originalid" : null,
    "parentid" : null,
    "visible" : false
  },
  "version" : 47
}